0,02	0,01	0,01
0,04	0,01	0,01
0,07	0,01	0,01
0,09	0,01	0,01
0,12	0,01	0,01
0,14	0,01	0,01
0,17	0,01	0,01
0,19	0,01	0,01
0,21	0,01	0,01
0,24	0,01	0,01
0,26	0,01	0,01
0,29	0,01	0,01
0,31	0,01	0,01
0,34	0,01	0,01
0,36	0,01	0,01
0,39	0,01	0,01
0,41	0,01	0,01
0,43	0,01	0,01
0,46	0,01	0,01
0,48	0,01	0,01
0,51	0,01	0,01
0,53	0,01	0,01
0,56	0,01	0,01
0,58	0,01	0,01
0,61	0,00	0,01
0,63	0,00	0,01
0,65	0,00	0,01
0,68	0,01	0,01
0,70	0,01	0,01
0,73	0,01	0,01
0,75	0,01	0,01
0,78	0,01	0,01
0,80	0,01	0,01
0,83	0,01	0,01
0,85	0,01	0,01
0,87	0,01	0,01
0,90	0,01	0,01
0,92	0,01	0,01
0,95	0,01	0,01
0,97	0,01	0,01
1,00	0,01	0,01
1,02	0,01	0,01
1,05	0,01	0,01
1,07	0,01	0,01
1,09	0,01	0,01
1,12	0,01	0,01
1,14	0,01	0,01
1,17	0,01	0,01
1,19	0,01	0,01
1,22	0,01	0,01
1,24	0,01	0,01
1,26	0,00	0,01
1,29	0,00	0,01
1,31	0,00	0,01
1,34	0,00	0,01
1,36	0,01	0,01
1,39	0,01	0,01
1,41	0,01	0,01
1,44	0,01	0,01
1,46	0,00	0,01
1,48	0,00	0,01
1,51	0,00	0,01
1,53	0,01	0,01
1,56	0,01	0,01
1,58	0,01	0,01
1,61	0,01	0,01
1,63	0,02	0,01
1,66	0,02	0,01
1,68	0,01	0,01
1,70	0,01	0,01
1,73	0,01	0,01
1,75	0,01	0,01
1,78	0,01	0,01
1,80	0,01	0,01
1,83	0,01	0,01
1,85	0,01	0,01
1,88	0,01	0,01
1,90	0,01	0,01
1,92	0,01	0,01
1,95	0,01	0,01
1,97	0,01	0,01
2,00	0,01	0,01
2,02	0,01	0,01
2,05	0,00	0,01
2,07	0,00	0,01
2,10	0,01	0,01
2,12	0,01	0,01
2,14	0,01	0,01
2,17	0,01	0,01
2,19	0,01	0,01
2,22	0,01	0,01
2,24	0,01	0,01
2,27	0,01	0,01
2,29	0,01	0,01
2,31	0,01	0,01
2,34	0,01	0,01
2,36	0,01	0,01
2,39	0,01	0,01
2,41	0,01	0,01
2,44	0,01	0,01
2,46	0,01	0,01
2,49	0,01	0,01
2,51	0,01	0,01
2,53	0,01	0,01
2,56	0,01	0,01
2,58	0,01	0,01
2,61	0,01	0,01
2,63	0,01	0,01
2,66	0,01	0,01
2,68	0,01	0,01
2,71	0,01	0,01
2,73	0,01	0,01
2,75	0,01	0,01
2,78	0,01	0,01
2,80	0,01	0,01
2,83	0,01	0,01
2,85	0,01	0,01
2,88	0,01	0,01
2,90	0,01	0,01
2,93	0,01	0,01
2,95	0,01	0,01
2,97	0,01	0,01
3,00	0,01	0,01
3,02	0,01	0,01
3,05	0,01	0,01
3,07	0,01	0,01
3,10	0,01	0,01
3,12	0,01	0,01
3,15	0,01	0,01
3,17	0,01	0,01
3,19	0,01	0,01
3,22	0,01	0,01
3,24	0,01	0,01
3,27	0,01	0,01
3,29	0,01	0,01
3,32	0,01	0,01
3,34	0,01	0,01
3,36	0,01	0,01
3,39	0,01	0,01
3,41	0,01	0,01
3,44	0,01	0,01
3,46	0,01	0,01
3,49	0,01	0,01
3,51	0,01	0,01
3,54	0,01	0,01
3,56	0,01	0,01
3,58	0,01	0,01
3,61	0,01	0,01
3,63	0,01	0,01
3,66	0,01	0,01
3,68	0,01	0,01
3,71	0,01	0,01
3,73	0,01	0,01
3,76	0,01	0,01
3,78	0,01	0,01
3,80	0,00	0,01
3,83	0,00	0,01
3,85	0,00	0,01
3,88	0,00	0,01
3,90	0,00	0,01
3,93	0,01	0,01
3,95	0,01	0,01
3,98	0,01	0,01
4,00	0,01	0,01
4,02	0,00	0,01
4,05	0,00	0,01
4,07	0,01	0,01
4,10	0,01	0,01
4,12	0,01	0,01
4,15	0,01	0,01
4,17	0,01	0,01
4,20	0,01	0,01
4,22	0,01	0,01
4,24	0,01	0,01
4,27	0,01	0,01
4,29	0,01	0,01
4,32	0,01	0,01
4,34	0,01	0,01
4,37	0,01	0,01
4,39	0,01	0,01
4,42	0,01	0,01
4,44	0,01	0,01
4,46	0,01	0,01
4,49	0,01	0,01
4,51	0,01	0,01
4,54	0,01	0,01
4,56	0,01	0,01
4,59	0,01	0,01
4,61	0,01	0,01
4,63	0,01	0,01
4,66	0,01	0,01
4,68	0,01	0,01
4,71	0,01	0,01
4,73	0,01	0,01
4,76	0,01	0,01
4,78	0,01	0,01
4,81	0,01	0,01
4,83	0,01	0,01
4,85	0,01	0,01
4,88	0,01	0,01
4,90	0,01	0,01
4,93	0,01	0,01
4,95	0,01	0,01
4,98	0,01	0,01
5,00	0,01	0,01
5,03	0,01	0,01
5,05	0,01	0,01
5,07	0,01	0,01
5,10	0,01	0,01
5,12	0,01	0,01
5,15	0,01	0,01
5,17	0,01	0,01
5,20	0,01	0,01
5,22	0,01	0,01
5,25	0,01	0,01
5,27	0,01	0,01
5,29	0,01	0,01
5,32	0,01	0,01
5,34	0,01	0,01
5,37	0,01	0,01
5,39	0,01	0,01
5,42	0,01	0,01
5,44	0,01	0,01
5,47	0,01	0,01
5,49	0,01	0,01
5,51	0,01	0,01
5,54	0,01	0,01
5,56	0,01	0,01
5,59	0,01	0,01
5,61	0,01	0,01
5,64	0,01	0,01
5,66	0,01	0,01
5,68	0,01	0,01
5,71	0,01	0,01
5,73	0,01	0,01
5,76	0,01	0,01
5,78	0,01	0,01
5,81	0,01	0,01
5,83	0,01	0,01
5,86	0,01	0,01
5,88	0,01	0,01
5,90	0,01	0,01
5,93	0,01	0,01
5,95	0,01	0,01
5,98	0,01	0,01
6,00	0,01	0,01
6,03	0,01	0,01
6,05	0,01	0,01
6,08	0,01	0,01
6,10	0,01	0,01
6,12	0,01	0,01
6,15	0,01	0,01
6,17	0,01	0,01
6,20	0,01	0,01
6,22	0,01	0,02
6,25	0,01	0,02
6,27	0,01	0,02
6,30	0,04	0,02
6,32	0,04	0,02
6,34	0,03	0,02
6,37	0,03	0,02
6,39	0,03	0,02
6,42	0,02	0,02
6,44	0,02	0,02
6,47	0,02	0,02
6,49	0,02	0,02
6,52	0,02	0,02
6,54	0,01	0,02
6,56	0,01	0,02
6,59	0,02	0,02
6,61	0,02	0,02
6,64	0,02	0,02
6,66	0,01	0,02
6,69	0,01	0,02
6,71	0,01	0,02
6,73	0,01	0,03
6,76	0,02	0,03
6,78	0,02	0,03
6,81	0,02	0,03
6,83	0,02	0,03
6,86	0,02	0,03
6,88	0,02	0,03
6,91	0,02	0,04
6,93	0,03	0,04
6,95	0,03	0,04
6,98	0,03	0,04
7,00	0,03	0,04
7,03	0,06	0,05
7,05	0,07	0,05
7,08	0,07	0,05
7,10	0,08	0,05
7,13	0,08	0,06
7,15	0,07	0,06
7,17	0,06	0,06
7,20	0,06	0,06
7,22	0,07	0,07
7,25	0,05	0,07
7,27	0,06	0,07
7,30	0,06	0,07
7,32	0,07	0,08
7,35	0,08	0,08
7,37	0,08	0,08
7,39	0,10	0,08
7,42	0,10	0,09
7,44	0,10	0,09
7,47	0,09	0,09
7,49	0,10	0,09
7,52	0,09	0,10
7,54	0,08	0,10
7,57	0,09	0,10
7,59	0,09	0,10
7,61	0,11	0,11
7,64	0,10	0,11
7,66	0,11	0,11
7,69	0,11	0,11
7,71	0,09	0,11
7,74	0,10	0,12
7,76	0,13	0,12
7,78	0,14	0,12
7,81	0,14	0,12
7,83	0,16	0,12
7,86	0,16	0,13
7,88	0,14	0,13
7,91	0,15	0,13
7,93	0,14	0,13
7,96	0,14	0,14
7,98	0,13	0,14
8,00	0,12	0,14
8,03	0,12	0,14
8,05	0,12	0,14
8,08	0,13	0,15
8,10	0,14	0,15
8,13	0,16	0,15
8,15	0,17	0,15
8,18	0,17	0,15
8,20	0,17	0,15
8,22	0,17	0,16
8,25	0,17	0,16
8,27	0,15	0,16
8,30	0,15	0,16
8,32	0,16	0,16
8,35	0,16	0,16
8,37	0,16	0,16
8,40	0,16	0,16
8,42	0,17	0,16
8,44	0,15	0,16
8,47	0,14	0,17
8,49	0,18	0,17
8,52	0,18	0,17
8,54	0,18	0,17
8,57	0,18	0,17
8,59	0,20	0,17
8,62	0,18	0,17
8,64	0,18	0,17
8,66	0,18	0,17
8,69	0,18	0,17
8,71	0,17	0,17
8,74	0,15	0,17
8,76	0,15	0,17
8,79	0,15	0,17
8,81	0,15	0,17
8,84	0,16	0,17
8,86	0,16	0,17
8,88	0,18	0,17
8,91	0,18	0,17
8,93	0,19	0,17
8,96	0,19	0,17
8,98	0,18	0,17
9,01	0,18	0,17
9,03	0,16	0,17
9,05	0,16	0,17
9,08	0,16	0,17
9,10	0,15	0,16
9,13	0,15	0,16
9,15	0,15	0,16
9,18	0,14	0,16
9,20	0,14	0,16
9,23	0,19	0,16
9,25	0,19	0,16
9,27	0,19	0,16
9,30	0,21	0,16
9,32	0,19	0,16
9,35	0,18	0,16
9,37	0,16	0,16
9,40	0,17	0,16
9,42	0,16	0,16
9,45	0,14	0,16
9,47	0,13	0,16
9,49	0,13	0,17
9,52	0,14	0,17
9,54	0,15	0,17
9,57	0,16	0,17
9,59	0,16	0,17
9,62	0,17	0,17
9,64	0,18	0,17
9,67	0,17	0,18
9,69	0,18	0,18
9,71	0,19	0,18
9,74	0,17	0,18
9,76	0,17	0,18
9,79	0,16	0,18
9,81	0,18	0,19
9,84	0,17	0,19
9,86	0,17	0,19
9,89	0,18	0,19
9,91	0,19	0,19
9,93	0,20	0,20
9,96	0,21	0,20
9,98	0,22	0,20
10,01	0,23	0,21
10,03	0,22	0,21
10,06	0,22	0,21
10,08	0,23	0,22
10,10	0,24	0,22
10,13	0,23	0,23
10,15	0,25	0,23
10,18	0,22	0,24
10,20	0,21	0,24
10,23	0,21	0,25
10,25	0,19	0,25
10,28	0,21	0,26
10,30	0,23	0,27
10,32	0,24	0,27
10,35	0,27	0,28
10,37	0,28	0,29
10,40	0,28	0,30
10,42	0,29	0,30
10,45	0,31	0,31
10,47	0,29	0,32
10,50	0,30	0,33
10,52	0,32	0,34
10,54	0,34	0,34
10,57	0,34	0,35
10,59	0,35	0,36
10,62	0,39	0,37
10,64	0,37	0,39
10,67	0,39	0,40
10,69	0,42	0,41
10,72	0,43	0,42
10,74	0,44	0,43
10,76	0,45	0,45
10,79	0,46	0,46
10,81	0,48	0,47
10,84	0,49	0,48
10,86	0,49	0,50
10,89	0,50	0,51
10,91	0,51	0,52
10,94	0,49	0,53
10,96	0,52	0,55
10,98	0,54	0,56
11,01	0,56	0,57
11,03	0,59	0,59
11,06	0,60	0,60
11,08	0,63	0,61
11,11	0,63	0,63
11,13	0,64	0,64
11,15	0,66	0,65
11,18	0,68	0,66
11,20	0,69	0,68
11,23	0,68	0,69
11,25	0,71	0,70
11,28	0,71	0,71
11,30	0,72	0,72
11,33	0,73	0,74
11,35	0,76	0,75
11,37	0,78	0,76
11,40	0,79	0,77
11,42	0,82	0,78
11,45	0,82	0,79
11,47	0,83	0,80
11,50	0,83	0,81
11,52	0,84	0,82
11,55	0,87	0,83
11,57	0,86	0,84
11,59	0,87	0,85
11,62	0,88	0,86
11,64	0,86	0,87
11,67	0,86	0,88
11,69	0,87	0,89
11,72	0,89	0,89
11,74	0,89	0,90
11,77	0,91	0,91
11,79	0,92	0,91
11,81	0,94	0,92
11,84	0,94	0,92
11,86	0,94	0,93
11,89	0,96	0,93
11,91	0,96	0,94
11,94	0,96	0,94
11,96	0,96	0,94
11,99	0,97	0,95
12,01	0,99	0,95
12,03	0,97	0,95
12,06	0,97	0,96
12,08	0,97	0,96
12,11	0,97	0,96
12,13	0,96	0,96
12,16	0,96	0,96
12,18	0,97	0,96
12,21	0,97	0,97
12,23	0,98	0,97
12,25	0,97	0,97
12,28	1,01	0,97
12,30	1,01	0,97
12,33	0,99	0,97
12,35	1,01	0,96
12,38	0,96	0,96
12,40	0,94	0,96
12,42	0,93	0,96
12,45	0,92	0,96
12,47	0,93	0,95
12,50	0,95	0,95
12,52	0,96	0,95
12,55	0,97	0,95
12,57	0,97	0,94
12,60	0,97	0,94
12,62	0,97	0,94
12,64	0,97	0,93
12,67	0,94	0,93
12,69	0,93	0,92
12,72	0,93	0,92
12,74	0,92	0,91
12,77	0,90	0,90
12,79	0,89	0,90
12,82	0,92	0,89
12,84	0,91	0,89
12,86	0,90	0,88
12,89	0,90	0,88
12,91	0,89	0,87
12,94	0,87	0,87
12,96	0,84	0,86
12,99	0,84	0,85
13,01	0,87	0,84
13,04	0,85	0,83
13,06	0,84	0,83
13,08	0,84	0,82
13,11	0,82	0,81
13,13	0,78	0,80
13,16	0,78	0,80
13,18	0,77	0,79
13,21	0,77	0,78
13,23	0,77	0,77
13,26	0,75	0,76
13,28	0,78	0,75
13,30	0,76	0,75
13,33	0,75	0,74
13,35	0,75	0,73
13,38	0,74	0,72
13,40	0,70	0,72
13,43	0,69	0,71
13,45	0,69	0,70
13,47	0,68	0,69
13,50	0,67	0,68
13,52	0,67	0,67
13,55	0,66	0,66
13,57	0,66	0,66
13,60	0,65	0,65
13,62	0,65	0,64
13,65	0,64	0,63
13,67	0,63	0,62
13,69	0,62	0,62
13,72	0,61	0,61
13,74	0,63	0,60
13,77	0,60	0,59
13,79	0,60	0,59
13,82	0,59	0,58
13,84	0,56	0,57
13,87	0,53	0,57
13,89	0,52	0,56
13,91	0,52	0,56
13,94	0,51	0,55
13,96	0,51	0,54
13,99	0,51	0,54
14,01	0,53	0,54
14,04	0,53	0,53
14,06	0,52	0,53
14,09	0,53	0,52
14,11	0,52	0,52
14,13	0,49	0,52
14,16	0,49	0,52
14,18	0,49	0,51
14,21	0,49	0,51
14,23	0,47	0,51
14,26	0,47	0,51
14,28	0,48	0,51
14,31	0,48	0,51
14,33	0,49	0,51
14,35	0,50	0,51
14,38	0,51	0,52
14,40	0,50	0,52
14,43	0,50	0,52
14,45	0,51	0,53
14,48	0,54	0,53
14,50	0,54	0,53
14,52	0,53	0,54
14,55	0,54	0,55
14,57	0,52	0,55
14,60	0,51	0,56
14,62	0,52	0,57
14,65	0,53	0,58
14,67	0,55	0,59
14,70	0,54	0,60
14,72	0,57	0,61
14,74	0,60	0,62
14,77	0,61	0,63
14,79	0,61	0,65
14,82	0,65	0,66
14,84	0,66	0,68
14,87	0,65	0,69
14,89	0,67	0,71
14,92	0,70	0,73
14,94	0,72	0,75
14,96	0,73	0,77
14,99	0,74	0,79
15,01	0,79	0,81
15,04	0,79	0,83
15,06	0,81	0,86
15,09	0,83	0,88
15,11	0,86	0,91
15,14	0,87	0,93
15,16	0,89	0,96
15,18	0,94	0,99
15,21	0,99	1,02
15,23	1,03	1,05
15,26	1,06	1,08
15,28	1,09	1,12
15,31	1,14	1,15
15,33	1,14	1,18
15,36	1,19	1,22
15,38	1,21	1,25
15,40	1,24	1,29
15,43	1,25	1,33
15,45	1,30	1,37
15,48	1,37	1,41
15,50	1,41	1,45
15,53	1,48	1,49
15,55	1,53	1,53
15,57	1,58	1,57
15,60	1,60	1,62
15,62	1,63	1,66
15,65	1,68	1,70
15,67	1,72	1,74
15,70	1,75	1,78
15,72	1,80	1,83
15,75	1,87	1,87
15,77	1,91	1,91
15,79	1,97	1,95
15,82	2,05	1,99
15,84	2,07	2,04
15,87	2,12	2,08
15,89	2,16	2,12
15,92	2,19	2,16
15,94	2,24	2,20
15,97	2,28	2,24
15,99	2,32	2,28
16,01	2,37	2,32
16,04	2,42	2,35
16,06	2,44	2,39
16,09	2,47	2,42
16,11	2,51	2,45
16,14	2,51	2,48
16,16	2,53	2,51
16,19	2,56	2,54
16,21	2,63	2,57
16,23	2,66	2,60
16,26	2,69	2,62
16,28	2,74	2,65
16,31	2,75	2,67
16,33	2,77	2,69
16,36	2,79	2,71
16,38	2,80	2,72
16,41	2,81	2,74
16,43	2,80	2,75
16,45	2,80	2,76
16,48	2,82	2,77
16,50	2,83	2,78
16,53	2,85	2,79
16,55	2,89	2,80
16,58	2,90	2,80
16,60	2,89	2,81
16,63	2,90	2,81
16,65	2,88	2,81
16,67	2,87	2,81
16,70	2,86	2,80
16,72	2,84	2,80
16,75	2,84	2,79
16,77	2,82	2,79
16,80	2,82	2,78
16,82	2,81	2,77
16,84	2,80	2,76
16,87	2,80	2,75
16,89	2,76	2,74
16,92	2,74	2,72
16,94	2,75	2,71
16,97	2,74	2,69
16,99	2,70	2,67
17,02	2,72	2,65
17,04	2,69	2,63
17,06	2,64	2,61
17,09	2,62	2,59
17,11	2,59	2,57
17,14	2,58	2,55
17,16	2,53	2,52
17,19	2,51	2,50
17,21	2,51	2,47
17,24	2,48	2,45
17,26	2,45	2,42
17,28	2,43	2,39
17,31	2,41	2,37
17,33	2,36	2,34
17,36	2,32	2,31
17,38	2,31	2,28
17,41	2,28	2,25
17,43	2,24	2,22
17,46	2,21	2,19
17,48	2,18	2,16
17,50	2,13	2,13
17,53	2,09	2,10
17,55	2,06	2,07
17,58	2,03	2,04
17,60	2,01	2,01
17,63	1,95	1,98
17,65	1,92	1,95
17,68	1,92	1,92
17,70	1,88	1,89
17,72	1,84	1,86
17,75	1,84	1,83
17,77	1,81	1,80
17,80	1,75	1,76
17,82	1,72	1,73
17,85	1,70	1,70
17,87	1,66	1,67
17,89	1,61	1,64
17,92	1,58	1,61
17,94	1,58	1,58
17,97	1,55	1,55
17,99	1,51	1,52
18,02	1,50	1,49
18,04	1,48	1,47
18,07	1,45	1,44
18,09	1,41	1,41
18,11	1,39	1,38
18,14	1,37	1,35
18,16	1,31	1,32
18,19	1,28	1,30
18,21	1,25	1,27
18,24	1,23	1,25
18,26	1,20	1,22
18,29	1,18	1,20
18,31	1,15	1,17
18,33	1,13	1,15
18,36	1,07	1,13
18,38	1,04	1,10
18,41	1,03	1,08
18,43	1,00	1,06
18,46	0,98	1,04
18,48	1,00	1,02
18,51	0,97	1,01
18,53	0,96	0,99
18,55	0,95	0,97
18,58	0,93	0,95
18,60	0,91	0,93
18,63	0,86	0,92
18,65	0,85	0,90
18,68	0,84	0,89
18,70	0,83	0,88
18,73	0,83	0,86
18,75	0,85	0,85
18,77	0,86	0,84
18,80	0,84	0,84
18,82	0,85	0,83
18,85	0,82	0,82
18,87	0,80	0,82
18,90	0,76	0,81
18,92	0,74	0,81
18,94	0,73	0,80
18,97	0,71	0,80
18,99	0,74	0,80
19,02	0,74	0,80
19,04	0,75	0,80
19,07	0,76	0,81
19,09	0,75	0,81
19,12	0,76	0,81
19,14	0,77	0,82
19,16	0,78	0,83
19,19	0,77	0,84
19,21	0,80	0,84
19,24	0,81	0,85
19,26	0,80	0,87
19,29	0,82	0,88
19,31	0,84	0,90
19,34	0,88	0,92
19,36	0,86	0,94
19,38	0,87	0,96
19,41	0,93	0,98
19,43	0,94	1,00
19,46	0,96	1,03
19,48	1,00	1,06
19,51	1,04	1,08
19,53	1,05	1,11
19,56	1,09	1,15
19,58	1,12	1,18
19,60	1,15	1,22
19,63	1,20	1,26
19,65	1,21	1,30
19,68	1,25	1,34
19,70	1,30	1,38
19,73	1,34	1,42
19,75	1,39	1,47
19,78	1,43	1,52
19,80	1,48	1,57
19,82	1,53	1,62
19,85	1,59	1,67
19,87	1,64	1,73
19,90	1,70	1,79
19,92	1,79	1,85
19,95	1,83	1,91
19,97	1,91	1,98
19,99	1,99	2,05
20,02	2,04	2,11
20,04	2,09	2,18
20,07	2,16	2,26
20,09	2,19	2,33
20,12	2,26	2,40
20,14	2,39	2,48
20,17	2,47	2,56
20,19	2,55	2,64
20,21	2,69	2,72
20,24	2,76	2,80
20,26	2,86	2,89
20,29	2,95	2,97
20,31	3,04	3,06
20,34	3,15	3,15
20,36	3,24	3,24
20,39	3,30	3,33
20,41	3,39	3,42
20,43	3,50	3,51
20,46	3,55	3,60
20,48	3,64	3,69
20,51	3,75	3,78
20,53	3,84	3,87
20,56	3,96	3,96
20,58	4,06	4,05
20,61	4,18	4,14
20,63	4,30	4,22
20,65	4,40	4,31
20,68	4,48	4,39
20,70	4,59	4,47
20,73	4,69	4,55
20,75	4,73	4,63
20,78	4,80	4,71
20,80	4,89	4,78
20,83	4,91	4,85
20,85	4,99	4,92
20,87	5,10	4,98
20,90	5,19	5,05
20,92	5,24	5,11
20,95	5,35	5,17
20,97	5,42	5,22
21,00	5,46	5,27
21,02	5,51	5,32
21,05	5,54	5,36
21,07	5,59	5,40
21,09	5,60	5,43
21,12	5,61	5,47
21,14	5,63	5,50
21,17	5,65	5,52
21,19	5,67	5,54
21,22	5,69	5,57
21,24	5,73	5,58
21,26	5,73	5,59
21,29	5,73	5,60
21,31	5,74	5,61
21,34	5,74	5,61
21,36	5,74	5,60
21,39	5,72	5,60
21,41	5,72	5,59
21,44	5,70	5,57
21,46	5,69	5,56
21,48	5,67	5,54
21,51	5,64	5,52
21,53	5,63	5,49
21,56	5,58	5,46
21,58	5,55	5,43
21,61	5,53	5,40
21,63	5,49	5,36
21,66	5,44	5,33
21,68	5,38	5,28
21,70	5,34	5,24
21,73	5,27	5,20
21,75	5,23	5,15
21,78	5,20	5,10
21,80	5,15	5,05
21,83	5,08	5,00
21,85	5,00	4,94
21,88	4,94	4,89
21,90	4,84	4,83
21,92	4,79	4,77
21,95	4,74	4,71
21,97	4,66	4,64
22,00	4,62	4,58
22,02	4,55	4,51
22,05	4,47	4,45
22,07	4,41	4,38
22,10	4,34	4,32
22,12	4,28	4,25
22,14	4,21	4,18
22,17	4,14	4,12
22,19	4,05	4,05
22,22	4,00	3,97
22,24	3,90	3,90
22,27	3,83	3,83
22,29	3,76	3,76
22,31	3,68	3,70
22,34	3,61	3,63
22,36	3,55	3,56
22,39	3,48	3,49
22,41	3,41	3,42
22,44	3,36	3,35
22,46	3,30	3,28
22,49	3,21	3,22
22,51	3,16	3,15
22,53	3,08	3,08
22,56	2,97	3,01
22,58	2,89	2,95
22,61	2,82	2,88
22,63	2,76	2,82
22,66	2,70	2,75
22,68	2,65	2,69
22,71	2,57	2,63
22,73	2,54	2,56
22,75	2,47	2,50
22,78	2,40	2,44
22,80	2,38	2,38
22,83	2,32	2,33
22,85	2,23	2,27
22,88	2,18	2,21
22,90	2,10	2,16
22,93	2,05	2,10
22,95	2,00	2,05
22,97	1,95	2,00
23,00	1,89	1,95
23,02	1,85	1,90
23,05	1,78	1,85
23,07	1,73	1,80
23,10	1,71	1,76
23,12	1,67	1,71
23,15	1,63	1,67
23,17	1,59	1,63
23,19	1,56	1,59
23,22	1,51	1,55
23,24	1,46	1,51
23,27	1,42	1,48
23,29	1,36	1,44
23,32	1,32	1,41
23,34	1,28	1,38
23,36	1,25	1,35
23,39	1,24	1,32
23,41	1,22	1,29
23,44	1,20	1,27
23,46	1,20	1,25
23,49	1,18	1,23
23,51	1,16	1,20
23,54	1,14	1,19
23,56	1,13	1,17
23,58	1,08	1,15
23,61	1,07	1,14
23,63	1,06	1,13
23,66	1,05	1,12
23,68	1,04	1,11
23,71	1,03	1,11
23,73	1,04	1,10
23,76	1,02	1,10
23,78	1,02	1,10
23,80	1,02	1,10
23,83	1,02	1,11
23,85	1,02	1,11
23,88	1,02	1,12
23,90	1,04	1,13
23,93	1,08	1,15
23,95	1,10	1,16
23,98	1,11	1,18
24,00	1,13	1,20
24,02	1,13	1,22
24,05	1,12	1,24
24,07	1,14	1,27
24,10	1,17	1,29
24,12	1,20	1,32
24,15	1,25	1,35
24,17	1,27	1,39
24,20	1,34	1,43
24,22	1,38	1,47
24,24	1,43	1,51
24,27	1,48	1,55
24,29	1,52	1,60
24,32	1,56	1,65
24,34	1,61	1,71
24,37	1,67	1,76
24,39	1,73	1,82
24,42	1,77	1,88
24,44	1,83	1,94
24,46	1,88	2,01
24,49	1,94	2,08
24,51	1,99	2,15
24,54	2,11	2,22
24,56	2,16	2,30
24,59	2,25	2,38
24,61	2,34	2,47
24,63	2,43	2,55
24,66	2,57	2,64
24,68	2,68	2,74
24,71	2,77	2,83
24,73	2,86	2,93
24,76	2,92	3,03
24,78	2,95	3,13
24,81	3,04	3,24
24,83	3,17	3,35
24,85	3,26	3,46
24,88	3,42	3,57
24,90	3,57	3,69
24,93	3,71	3,81
24,95	3,83	3,94
24,98	3,99	4,07
25,00	4,15	4,20
25,03	4,29	4,33
25,05	4,43	4,47
25,07	4,54	4,60
25,10	4,65	4,74
25,12	4,79	4,87
25,15	4,88	5,01
25,17	5,01	5,15
25,20	5,18	5,29
25,22	5,32	5,44
25,25	5,51	5,58
25,27	5,70	5,73
25,29	5,86	5,87
25,32	6,03	6,01
25,34	6,24	6,15
25,37	6,38	6,29
25,39	6,58	6,43
25,42	6,75	6,57
25,44	6,85	6,70
25,47	6,97	6,83
25,49	7,08	6,96
25,51	7,16	7,09
25,54	7,32	7,22
25,56	7,48	7,35
25,59	7,61	7,47
25,61	7,75	7,59
25,64	7,90	7,71
25,66	8,00	7,82
25,68	8,12	7,92
25,71	8,25	8,02
25,73	8,33	8,11
25,76	8,42	8,20
25,78	8,48	8,29
25,81	8,56	8,36
25,83	8,63	8,44
25,86	8,74	8,51
25,88	8,80	8,57
25,90	8,88	8,63
25,93	8,95	8,68
25,95	8,98	8,73
25,98	9,02	8,77
26,00	9,06	8,81
26,03	9,09	8,84
26,05	9,11	8,87
26,08	9,11	8,89
26,10	9,13	8,90
26,12	9,16	8,91
26,15	9,17	8,91
26,17	9,16	8,91
26,20	9,14	8,90
26,22	9,11	8,89
26,25	9,06	8,87
26,27	9,02	8,84
26,30	8,97	8,81
26,32	8,97	8,78
26,34	8,92	8,74
26,37	8,87	8,69
26,39	8,84	8,64
26,42	8,79	8,59
26,44	8,72	8,53
26,47	8,67	8,47
26,49	8,63	8,41
26,52	8,52	8,34
26,54	8,43	8,27
26,56	8,35	8,19
26,59	8,24	8,11
26,61	8,13	8,02
26,64	8,01	7,94
26,66	7,91	7,85
26,69	7,81	7,75
26,71	7,70	7,66
26,73	7,62	7,56
26,76	7,55	7,46
26,78	7,46	7,36
26,81	7,33	7,26
26,83	7,26	7,16
26,86	7,16	7,05
26,88	7,00	6,94
26,91	6,89	6,83
26,93	6,78	6,72
26,95	6,62	6,61
26,98	6,47	6,49
27,00	6,36	6,38
27,03	6,22	6,26
27,05	6,11	6,15
27,08	6,01	6,03
27,10	5,89	5,92
27,13	5,85	5,81
27,15	5,74	5,69
27,17	5,61	5,58
27,20	5,54	5,47
27,22	5,41	5,35
27,25	5,23	5,23
27,27	5,10	5,12
27,30	4,98	5,01
27,32	4,82	4,89
27,35	4,69	4,78
27,37	4,56	4,67
27,39	4,45	4,57
27,42	4,36	4,46
27,44	4,27	4,36
27,47	4,19	4,26
27,49	4,13	4,15
27,52	4,02	4,05
27,54	3,91	3,95
27,57	3,81	3,85
27,59	3,70	3,75
27,61	3,55	3,65
27,64	3,45	3,56
27,66	3,36	3,46
27,69	3,24	3,37
27,71	3,18	3,28
27,74	3,12	3,20
27,76	3,05	3,11
27,78	2,99	3,03
27,81	2,89	2,95
27,83	2,82	2,88
27,86	2,76	2,80
27,88	2,68	2,72
27,91	2,57	2,65
27,93	2,53	2,58
27,96	2,44	2,51
27,98	2,32	2,44
28,00	2,26	2,38
28,03	2,20	2,32
28,05	2,14	2,26
28,08	2,08	2,20
28,10	2,04	2,15
28,13	2,00	2,09
28,15	1,95	2,04
28,18	1,90	1,99
28,20	1,84	1,94
28,22	1,82	1,90
28,25	1,76	1,86
28,27	1,71	1,82
28,30	1,70	1,78
28,32	1,67	1,75
28,35	1,63	1,72
28,37	1,59	1,69
28,40	1,56	1,67
28,42	1,52	1,64
28,44	1,49	1,62
28,47	1,48	1,60
28,49	1,44	1,59
28,52	1,45	1,57
28,54	1,43	1,56
28,57	1,42	1,56
28,59	1,46	1,55
28,62	1,46	1,55
28,64	1,47	1,56
28,66	1,48	1,56
28,69	1,49	1,57
28,71	1,47	1,58
28,74	1,48	1,59
28,76	1,49	1,60
28,79	1,49	1,62
28,81	1,50	1,64
28,84	1,52	1,67
28,86	1,56	1,70
28,88	1,59	1,73
28,91	1,63	1,77
28,93	1,70	1,80
28,96	1,74	1,85
28,98	1,79	1,89
29,01	1,83	1,94
29,03	1,87	1,99
29,05	1,93	2,04
29,08	1,96	2,10
29,10	2,00	2,16
29,13	2,06	2,23
29,15	2,13	2,29
29,18	2,19	2,36
29,20	2,28	2,44
29,23	2,38	2,52
29,25	2,45	2,60
29,27	2,53	2,69
29,30	2,62	2,79
29,32	2,74	2,88
29,35	2,83	2,98
29,37	2,94	3,09
29,40	3,06	3,20
29,42	3,15	3,31
29,45	3,25	3,42
29,47	3,33	3,54
29,49	3,45	3,66
29,52	3,59	3,79
29,54	3,68	3,92
29,57	3,83	4,05
29,59	4,01	4,19
29,62	4,16	4,34
29,64	4,34	4,49
29,67	4,54	4,64
29,69	4,68	4,80
29,71	4,86	4,96
29,74	5,06	5,12
29,76	5,15	5,29
29,79	5,32	5,46
29,81	5,49	5,63
29,84	5,58	5,80
29,86	5,75	5,98
29,89	5,99	6,16
29,91	6,17	6,34
29,93	6,39	6,53
29,96	6,66	6,72
29,98	6,87	6,91
30,01	7,07	7,10
30,03	7,32	7,30
30,06	7,54	7,49
30,08	7,72	7,69
30,10	7,90	7,88
30,13	8,07	8,07
30,15	8,27	8,26
30,18	8,42	8,45
30,20	8,60	8,65
30,23	8,82	8,84
30,25	9,08	9,03
30,28	9,24	9,22
30,30	9,47	9,41
30,32	9,75	9,60
30,35	9,94	9,78
30,37	10,15	9,96
30,40	10,39	10,13
30,42	10,54	10,30
30,45	10,68	10,46
30,47	10,84	10,62
30,50	10,96	10,78
30,52	11,11	10,93
30,54	11,29	11,08
30,57	11,42	11,23
30,59	11,56	11,37
30,62	11,74	11,51
30,64	11,87	11,63
30,67	12,03	11,75
30,69	12,17	11,87
30,72	12,31	11,97
30,74	12,38	12,07
30,76	12,48	12,16
30,79	12,55	12,25
30,81	12,61	12,32
30,84	12,68	12,39
30,86	12,76	12,45
30,89	12,85	12,51
30,91	12,91	12,56
30,94	12,94	12,60
30,96	12,99	12,64
30,98	13,01	12,67
31,01	12,99	12,68
31,03	12,99	12,70
31,06	13,03	12,70
31,08	13,00	12,69
31,11	12,98	12,68
31,13	12,98	12,66
31,15	12,95	12,63
31,18	12,90	12,60
31,20	12,85	12,56
31,23	12,81	12,52
31,25	12,75	12,46
31,28	12,67	12,40
31,30	12,59	12,34
31,33	12,49	12,27
31,35	12,40	12,19
31,37	12,30	12,10
31,40	12,20	12,01
31,42	12,09	11,92
31,45	12,01	11,82
31,47	11,88	11,72
31,50	11,75	11,61
31,52	11,67	11,50
31,55	11,53	11,39
31,57	11,40	11,27
31,59	11,31	11,14
31,62	11,16	11,01
31,64	11,01	10,88
31,67	10,87	10,74
31,69	10,70	10,60
31,72	10,50	10,46
31,74	10,34	10,32
31,77	10,21	10,17
31,79	10,07	10,03
31,81	9,98	9,88
31,84	9,86	9,73
31,86	9,73	9,58
31,89	9,56	9,43
31,91	9,37	9,27
31,94	9,18	9,11
31,96	8,99	8,95
31,99	8,81	8,79
32,01	8,58	8,63
32,03	8,44	8,47
32,06	8,26	8,31
32,08	8,06	8,15
32,11	7,96	8,00
32,13	7,84	7,85
32,16	7,68	7,69
32,18	7,55	7,54
32,20	7,38	7,39
32,23	7,17	7,23
32,25	7,01	7,08
32,28	6,84	6,92
32,30	6,63	6,77
32,33	6,52	6,62
32,35	6,33	6,47
32,38	6,17	6,32
32,40	6,04	6,18
32,42	5,92	6,04
32,45	5,81	5,90
32,47	5,69	5,77
32,50	5,58	5,63
32,52	5,47	5,50
32,55	5,35	5,37
32,57	5,21	5,24
32,60	5,06	5,11
32,62	4,94	4,99
32,64	4,78	4,86
32,67	4,63	4,74
32,69	4,50	4,63
32,72	4,38	4,51
32,74	4,24	4,40
32,77	4,15	4,30
32,79	4,07	4,19
32,82	3,97	4,09
32,84	3,91	3,99
32,86	3,83	3,89
32,89	3,68	3,80
32,91	3,63	3,71
32,94	3,51	3,62
32,96	3,39	3,53
32,99	3,31	3,45
33,01	3,23	3,37
33,04	3,12	3,29
33,06	3,05	3,22
33,08	2,98	3,15
33,11	2,91	3,08
33,13	2,87	3,02
33,16	2,82	2,96
33,18	2,77	2,90
33,21	2,72	2,85
33,23	2,66	2,80
33,26	2,64	2,75
33,28	2,59	2,70
33,30	2,55	2,66
33,33	2,52	2,63
33,35	2,48	2,59
33,38	2,44	2,56
33,40	2,40	2,54
33,43	2,39	2,52
33,45	2,37	2,50
33,47	2,34	2,49
33,50	2,32	2,48
33,52	2,30	2,47
33,55	2,30	2,47
33,57	2,29	2,47
33,60	2,30	2,47
33,62	2,30	2,48
33,65	2,32	2,49
33,67	2,34	2,50
33,69	2,35	2,53
33,72	2,39	2,55
33,74	2,42	2,58
33,77	2,45	2,61
33,79	2,48	2,65
33,82	2,51	2,69
33,84	2,57	2,74
33,87	2,59	2,79
33,89	2,65	2,84
33,91	2,70	2,90
33,94	2,74	2,96
33,96	2,81	3,03
33,99	2,92	3,10
34,01	3,00	3,18
34,04	3,08	3,26
34,06	3,22	3,35
34,09	3,31	3,44
34,11	3,38	3,54
34,13	3,48	3,63
34,16	3,57	3,74
34,18	3,67	3,85
34,21	3,74	3,96
34,23	3,84	4,08
34,26	3,97	4,21
34,28	4,11	4,34
34,31	4,24	4,47
34,33	4,41	4,62
34,35	4,59	4,76
34,38	4,73	4,91
34,40	4,89	5,07
34,43	5,05	5,23
34,45	5,17	5,39
34,48	5,33	5,55
34,50	5,49	5,72
34,52	5,66	5,90
34,55	5,86	6,08
34,57	6,08	6,27
34,60	6,27	6,46
34,62	6,49	6,66
34,65	6,72	6,87
34,67	6,89	7,08
34,70	7,12	7,29
34,72	7,40	7,51
34,74	7,58	7,72
34,77	7,78	7,94
34,79	8,04	8,17
34,82	8,21	8,39
34,84	8,39	8,62
34,87	8,68	8,85
34,89	8,94	9,08
34,92	9,19	9,32
34,94	9,50	9,56
34,96	9,74	9,80
34,99	10,03	10,04
35,01	10,32	10,28
35,04	10,54	10,52
35,06	10,85	10,77
35,09	11,14	11,01
35,11	11,32	11,24
35,14	11,55	11,48
35,16	11,82	11,72
35,18	12,00	11,95
35,21	12,20	12,18
35,23	12,52	12,41
35,26	12,75	12,64
35,28	13,01	12,87
35,31	13,30	13,09
35,33	13,53	13,31
35,36	13,73	13,52
35,38	13,97	13,73
35,40	14,18	13,93
35,43	14,39	14,13
35,45	14,60	14,32
35,48	14,73	14,50
35,50	14,91	14,67
35,53	15,10	14,84
35,55	15,21	15,00
35,57	15,42	15,15
35,60	15,63	15,29
35,62	15,80	15,43
35,65	15,94	15,56
35,67	16,10	15,68
35,70	16,21	15,79
35,72	16,35	15,89
35,75	16,49	15,98
35,77	16,60	16,07
35,79	16,71	16,15
